sample,group,meta,editing group,guide1,guide2,guide3
WIBR3_DJ1_X1-5DEL_Het_2036,DJ1,,Cas9,DJ1_X15DEL_g1,DJ1_X15DEL_g2,DJ1_X15DEL_g3
WIBR3_DJ1_X1-5DEL_Het_2038,DJ1,,Cas9,DJ1_X15DEL_g1,DJ1_X15DEL_g2,DJ1_X15DEL_g3
WIBR3_DJ1_X1-5DEL_Het_2046,DJ1,,Cas9,DJ1_X15DEL_g1,DJ1_X15DEL_g2,DJ1_X15DEL_g3
WIBR3_DJ1_X1-5DEL_Het_2051,DJ1,,Cas9,DJ1_X15DEL_g1,DJ1_X15DEL_g2,DJ1_X15DEL_g3
WIBR3_DJ1_X1-5DEL_Het_2067,DJ1,,Cas9,DJ1_X15DEL_g1,DJ1_X15DEL_g2,DJ1_X15DEL_g3
WIBR3_ATP13A2_FS_5_6,ATP13A2,,Cas9,ATP13A2_g,,
WIBR3_ATP13A2_FS_Homo_12_6,ATP13A2,,Cas9,ATP13A2_g,,
WIBR3_ATP13A2_FS_Homo_2_5,ATP13A2,,Cas9,ATP13A2_g,,
WIBR3_ATP13A2_FS_Homo_6_1,ATP13A2,,Cas9,ATP13A2_g,,
WIBR3_DJ1_X1_5DEL_2860,DJ1,,Cas9,DJ1_X15DEL_g1,DJ1_X15DEL_g2,DJ1_X15DEL_g3
WIBR3_DJ1_X1_5DEL_2872,DJ1,,Cas9,DJ1_X15DEL_g1,DJ1_X15DEL_g2,DJ1_X15DEL_g3
WIBR3_DJ1_X1_5DEL_2876,DJ1,,Cas9,DJ1_X15DEL_g1,DJ1_X15DEL_g2,DJ1_X15DEL_g3
WIBR3_DNAJC6_FS_FS_H10_1,DNAJC6,,Cas9,DNAJC6_g,,
WIBR3_DNAJC6_c801_2_A_G_FS_FS_G12_2,DNAJC6,,Cas9,DNAJC6_g,,
WIBR3_EWT_S1,EWT-SNCA-A30P,SNCA-A30P,PE,SNCA A30P_peg,SNCA A30P_nc,
WIBR3_EWT_S2,EWT-SNCA-A30P,SNCA-A30P,PE,SNCA A30P_peg,SNCA A30P_nc,
WIBR3_EWT_S3,EWT-SNCA-A30P,SNCA-A30P,PE,SNCA A30P_peg,SNCA A30P_nc,
WIBR3_EWT_S4,EWT-GBA1,GBA1,Cas9,GBA_IVS2_g,,
WIBR3_EWT_S5,EWT-GBA1,GBA1,Cas9,GBA_IVS2_g,,
WIBR3_EWT_S6,EWT-OTHERS,OTHERS,PE,,,
WIBR3_EWT_S7,EWT-OTHERS,OTHERS,PE,,,
WIBR3_EWT_S8,EWT-OTHERS,OTHERS,PE,,,
WIBR3_FBXO7_FS_A3_1,FBXO7,,Cas9,FBXO7_g,,
WIBR3_FBXO7_R498X_A7_1,FBXO7,,Cas9,FBXO7_g,,
WIBR3_GBA1_IVS2_E10B,GBA1,GBA1,Cas9,GBA_IVS2_g,,
WIBR3_GBA1_IVS2_G2E,GBA1,GBA1,Cas9,GBA_IVS2_g,,
WIBR3_GBA1_IVS2_Het_10C2F,GBA1,GBA1,Cas9,GBA_IVS2_g,,
WIBR3_GBA1_IVS2_Het_10D11A,GBA1,GBA1,Cas9,GBA_IVS2_g,,
WIBR3_GBA1_IVS2_Het_3C3I,GBA1,GBA1,Cas9,GBA_IVS2_g,,
WIBR3_GBA1_IVS2_Het_3C4B,GBA1,GBA1,Cas9,GBA_IVS2_g,,
WIBR3_LRRK2_G2019S_2093_Het,LRRK2-PE,,PE,LRRK2_peg,LRRK2_nc,
WIBR3_LRRK2_G2019S_216_Het,LRRK2-TALEN,,TALEN,,,
WIBR3_LRRK2_G2019S_5_Het,LRRK2-PE,,PE,LRRK2_peg,LRRK2_nc,
WIBR3_LRRK2_G2019S_65_Homo,LRRK2-Cas9,,Cas9,LRRK2_g,,
WIBR3_LRRK2_G2019S_6_Het,LRRK2-PE,,PE,LRRK2_peg,LRRK2_nc,
WIBR3_PINK1_Q129X_C4_1,PINK1,,Cas9,PINK1_g,,
WIBR3_PINK1_Q129X_E2_2,PINK1,,Cas9,PINK1_g,,
WIBR3_PINK1_Q129X_E7_1,PINK1,,Cas9,PINK1_g,,
WIBR3_PRKN_X3DEL_B1_3,PRKN,,Cas9,PRKN_X3DEL_g1,PRKN_X3DEL_g2,
WIBR3_PRKN_X3DEL_F2_5,PRKN,,Cas9,PRKN_X3DEL_g1,PRKN_X3DEL_g2,
WIBR3_PRKN_X3DEL_H2_2,PRKN,,Cas9,PRKN_X3DEL_g1,PRKN_X3DEL_g2,
WIBR3_S1,parental,,parental,,,
WIBR3_S2,parental,,parental,,,
WIBR3_S3,parental,,parental,,,
WIBR3_SNCA_A30P_A2_3,SNCA-A30P,SNCA-A30P,PE,SNCA A30P_peg,SNCA A30P_nc,
WIBR3_SNCA_A30P_E1_3,SNCA-A30P,SNCA-A30P,PE,SNCA A30P_peg,SNCA A30P_nc,
WIBR3_SNCA_A30P_F12_1,SNCA-A30P,SNCA-A30P,PE,SNCA A30P_peg,SNCA A30P_nc,
WIBR3_SNCA_A30P_Homo_C8_2,SNCA-A30P,SNCA-A30P,PE,SNCA A30P_peg,SNCA A30P_nc,
WIBR3_SNCA_A53T_1,SNCA-A53T,,PE,SNCA_A53T_peg,SNCA A53T_nc,
WIBR3_SNCA_A53T_2,SNCA-A53T,,PE,SNCA_A53T_peg,SNCA A53T_nc,
WIBR3_SNCA_A53T_4,SNCA-A53T,,PE,SNCA_A53T_peg,SNCA A53T_nc,
WIBR3_SYNJ1_R258Q_FS_E4_1,SYNJ1,,Cas9,SYNJ1_g,,
WIBR3_SYNJ1_R258Q_Homo_A5_1,SYNJ1,,Cas9,SYNJ1_g,,
WIBR3_VPS13C_A444P_Het_E12_1,VPS13C-A444P,,Cas9,VPS13C_A444_g,,
WIBR3_VPS13C_A444P_Homo_C8_2,VPS13C-A444P,,Cas9,VPS13C_A444_g,,
WIBR3_VPS13C_FS_Homo_E10_2,VPS13C-W395C,,Cas9,VPS13C_W395_g,,
WIBR3_VPS13C_FS_Homo_H3_1,VPS13C-A444P,,Cas9,VPS13C_A444_g,,
WIBR3_VPS13C_W395C_Homo_C11_3,VPS13C-W395C,,Cas9,VPS13C_W395_g,,
WIBR3_VPS13C_W395C_Homo_C3_1,VPS13C-W395C,,Cas9,VPS13C_W395_g,,
WIBR3_VPS13C_W395C_Homo_C6_2,VPS13C-W395C,,Cas9,VPS13C_W395_g,,
WIBR3_parental,parental,,parental,,,